station_id,sensor_id,latitude,longitude,road_name,direction,station_type,district,county,city,state,zip_code
sensor_0,sensor_0,,,Bay Area Highway,Unknown,mainline,4,Bay Area,Various,CA,
sensor_1,sensor_1,,,Bay Area Highway,Unknown,mainline,4,Bay Area,Various,CA,
sensor_2,sensor_2,,,Bay Area Highway,Unknown,mainline,4,Bay Area,Various,CA,
sensor_3,sensor_3,,,Bay Area Highway,Unknown,mainline,4,Bay Area,Various,CA,
sensor_4,sensor_4,,,Bay Area Highway,Unknown,mainline,4,Bay Area,Various,CA,
sensor_5,sensor_5,,,Bay Area Highway,Unknown,mainline,4,Bay Area,Various,CA,
sensor_6,sensor_6,,,Bay Area Highway,Unknown,mainline,4,Bay Area,Various,CA,
sensor_7,sensor_7,,,Bay Area Highway,Unknown,mainline,4,Bay Area,Various,CA,
sensor_8,sensor_8,,,Bay Area Highway,Unknown,mainline,4,Bay Area,Various,CA,
sensor_9,sensor_9,,,Bay Area Highway,Unknown,mainline,4,Bay Area,Various,CA,
sensor_10,sensor_10,,,Bay Area Highway,Unknown,mainline,4,Bay Area,Various,CA,
sensor_11,sensor_11,,,Bay Area Highway,Unknown,mainline,4,Bay Area,Various,CA,
sensor_12,sensor_12,,,Bay Area Highway,Unknown,mainline,4,Bay Area,Various,CA,
sensor_13,sensor_13,,,Bay Area Highway,Unknown,mainline,4,Bay Area,Various,CA,
sensor_14,sensor_14,,,Bay Area Highway,Unknown,mainline,4,Bay Area,Various,CA,
sensor_15,sensor_15,,,Bay Area Highway,Unknown,mainline,4,Bay Area,Various,CA,
sensor_16,sensor_16,,,Bay Area Highway,Unknown,mainline,4,Bay Area,Various,CA,
sensor_17,sensor_17,,,Bay Area Highway,Unknown,mainline,4,Bay Area,Various,CA,
sensor_18,sensor_18,,,Bay Area Highway,Unknown,mainline,4,Bay Area,Various,CA,
sensor_19,sensor_19,,,Bay Area Highway,Unknown,mainline,4,Bay Area,Various,CA,
sensor_20,sensor_20,,,Bay Area Highway,Unknown,mainline,4,Bay Area,Various,CA,
sensor_21,sensor_21,,,Bay Area Highway,Unknown,mainline,4,Bay Area,Various,CA,
sensor_22,sensor_22,,,Bay Area Highway,Unknown,mainline,4,Bay Area,Various,CA,
sensor_23,sensor_23,,,Bay Area Highway,Unknown,mainline,4,Bay Area,Various,CA,
sensor_24,sensor_24,,,Bay Area Highway,Unknown,mainline,4,Bay Area,Various,CA,
sensor_25,sensor_25,,,Bay Area Highway,Unknown,mainline,4,Bay Area,Various,CA,
sensor_26,sensor_26,,,Bay Area Highway,Unknown,mainline,4,Bay Area,Various,CA,
sensor_27,sensor_27,,,Bay Area Highway,Unknown,mainline,4,Bay Area,Various,CA,
sensor_28,sensor_28,,,Bay Area Highway,Unknown,mainline,4,Bay Area,Various,CA,
sensor_29,sensor_29,,,Bay Area Highway,Unknown,mainline,4,Bay Area,Various,CA,
sensor_30,sensor_30,,,Bay Area Highway,Unknown,mainline,4,Bay Area,Various,CA,
sensor_31,sensor_31,,,Bay Area Highway,Unknown,mainline,4,Bay Area,Various,CA,
sensor_32,sensor_32,,,Bay Area Highway,Unknown,mainline,4,Bay Area,Various,CA,
sensor_33,sensor_33,,,Bay Area Highway,Unknown,mainline,4,Bay Area,Various,CA,
sensor_34,sensor_34,,,Bay Area Highway,Unknown,mainline,4,Bay Area,Various,CA,
sensor_35,sensor_35,,,Bay Area Highway,Unknown,mainline,4,Bay Area,Various,CA,
sensor_36,sensor_36,,,Bay Area Highway,Unknown,mainline,4,Bay Area,Various,CA,
sensor_37,sensor_37,,,Bay Area Highway,Unknown,mainline,4,Bay Area,Various,CA,
sensor_38,sensor_38,,,Bay Area Highway,Unknown,mainline,4,Bay Area,Various,CA,
sensor_39,sensor_39,,,Bay Area Highway,Unknown,mainline,4,Bay Area,Various,CA,
sensor_40,sensor_40,,,Bay Area Highway,Unknown,mainline,4,Bay Area,Various,CA,
sensor_41,sensor_41,,,Bay Area Highway,Unknown,mainline,4,Bay Area,Various,CA,
sensor_42,sensor_42,,,Bay Area Highway,Unknown,mainline,4,Bay Area,Various,CA,
sensor_43,sensor_43,,,Bay Area Highway,Unknown,mainline,4,Bay Area,Various,CA,
sensor_44,sensor_44,,,Bay Area Highway,Unknown,mainline,4,Bay Area,Various,CA,
sensor_45,sensor_45,,,Bay Area Highway,Unknown,mainline,4,Bay Area,Various,CA,
sensor_46,sensor_46,,,Bay Area Highway,Unknown,mainline,4,Bay Area,Various,CA,
sensor_47,sensor_47,,,Bay Area Highway,Unknown,mainline,4,Bay Area,Various,CA,
sensor_48,sensor_48,,,Bay Area Highway,Unknown,mainline,4,Bay Area,Various,CA,
sensor_49,sensor_49,,,Bay Area Highway,Unknown,mainline,4,Bay Area,Various,CA,
sensor_50,sensor_50,,,Bay Area Highway,Unknown,mainline,4,Bay Area,Various,CA,
sensor_51,sensor_51,,,Bay Area Highway,Unknown,mainline,4,Bay Area,Various,CA,
sensor_52,sensor_52,,,Bay Area Highway,Unknown,mainline,4,Bay Area,Various,CA,
sensor_53,sensor_53,,,Bay Area Highway,Unknown,mainline,4,Bay Area,Various,CA,
sensor_54,sensor_54,,,Bay Area Highway,Unknown,mainline,4,Bay Area,Various,CA,
sensor_55,sensor_55,,,Bay Area Highway,Unknown,mainline,4,Bay Area,Various,CA,
sensor_56,sensor_56,,,Bay Area Highway,Unknown,mainline,4,Bay Area,Various,CA,
sensor_57,sensor_57,,,Bay Area Highway,Unknown,mainline,4,Bay Area,Various,CA,
sensor_58,sensor_58,,,Bay Area Highway,Unknown,mainline,4,Bay Area,Various,CA,
sensor_59,sensor_59,,,Bay Area Highway,Unknown,mainline,4,Bay Area,Various,CA,
sensor_60,sensor_60,,,Bay Area Highway,Unknown,mainline,4,Bay Area,Various,CA,
sensor_61,sensor_61,,,Bay Area Highway,Unknown,mainline,4,Bay Area,Various,CA,
sensor_62,sensor_62,,,Bay Area Highway,Unknown,mainline,4,Bay Area,Various,CA,
sensor_63,sensor_63,,,Bay Area Highway,Unknown,mainline,4,Bay Area,Various,CA,
sensor_64,sensor_64,,,Bay Area Highway,Unknown,mainline,4,Bay Area,Various,CA,
sensor_65,sensor_65,,,Bay Area Highway,Unknown,mainline,4,Bay Area,Various,CA,
sensor_66,sensor_66,,,Bay Area Highway,Unknown,mainline,4,Bay Area,Various,CA,
sensor_67,sensor_67,,,Bay Area Highway,Unknown,mainline,4,Bay Area,Various,CA,
sensor_68,sensor_68,,,Bay Area Highway,Unknown,mainline,4,Bay Area,Various,CA,
sensor_69,sensor_69,,,Bay Area Highway,Unknown,mainline,4,Bay Area,Various,CA,
sensor_70,sensor_70,,,Bay Area Highway,Unknown,mainline,4,Bay Area,Various,CA,
sensor_71,sensor_71,,,Bay Area Highway,Unknown,mainline,4,Bay Area,Various,CA,
sensor_72,sensor_72,,,Bay Area Highway,Unknown,mainline,4,Bay Area,Various,CA,
sensor_73,sensor_73,,,Bay Area Highway,Unknown,mainline,4,Bay Area,Various,CA,
sensor_74,sensor_74,,,Bay Area Highway,Unknown,mainline,4,Bay Area,Various,CA,
sensor_75,sensor_75,,,Bay Area Highway,Unknown,mainline,4,Bay Area,Various,CA,
sensor_76,sensor_76,,,Bay Area Highway,Unknown,mainline,4,Bay Area,Various,CA,
sensor_77,sensor_77,,,Bay Area Highway,Unknown,mainline,4,Bay Area,Various,CA,
sensor_78,sensor_78,,,Bay Area Highway,Unknown,mainline,4,Bay Area,Various,CA,
sensor_79,sensor_79,,,Bay Area Highway,Unknown,mainline,4,Bay Area,Various,CA,
sensor_80,sensor_80,,,Bay Area Highway,Unknown,mainline,4,Bay Area,Various,CA,
sensor_81,sensor_81,,,Bay Area Highway,Unknown,mainline,4,Bay Area,Various,CA,
sensor_82,sensor_82,,,Bay Area Highway,Unknown,mainline,4,Bay Area,Various,CA,
sensor_83,sensor_83,,,Bay Area Highway,Unknown,mainline,4,Bay Area,Various,CA,
sensor_84,sensor_84,,,Bay Area Highway,Unknown,mainline,4,Bay Area,Various,CA,
sensor_85,sensor_85,,,Bay Area Highway,Unknown,mainline,4,Bay Area,Various,CA,
sensor_86,sensor_86,,,Bay Area Highway,Unknown,mainline,4,Bay Area,Various,CA,
sensor_87,sensor_87,,,Bay Area Highway,Unknown,mainline,4,Bay Area,Various,CA,
sensor_88,sensor_88,,,Bay Area Highway,Unknown,mainline,4,Bay Area,Various,CA,
sensor_89,sensor_89,,,Bay Area Highway,Unknown,mainline,4,Bay Area,Various,CA,
sensor_90,sensor_90,,,Bay Area Highway,Unknown,mainline,4,Bay Area,Various,CA,
sensor_91,sensor_91,,,Bay Area Highway,Unknown,mainline,4,Bay Area,Various,CA,
sensor_92,sensor_92,,,Bay Area Highway,Unknown,mainline,4,Bay Area,Various,CA,
sensor_93,sensor_93,,,Bay Area Highway,Unknown,mainline,4,Bay Area,Various,CA,
sensor_94,sensor_94,,,Bay Area Highway,Unknown,mainline,4,Bay Area,Various,CA,
sensor_95,sensor_95,,,Bay Area Highway,Unknown,mainline,4,Bay Area,Various,CA,
sensor_96,sensor_96,,,Bay Area Highway,Unknown,mainline,4,Bay Area,Various,CA,
sensor_97,sensor_97,,,Bay Area Highway,Unknown,mainline,4,Bay Area,Various,CA,
sensor_98,sensor_98,,,Bay Area Highway,Unknown,mainline,4,Bay Area,Various,CA,
sensor_99,sensor_99,,,Bay Area Highway,Unknown,mainline,4,Bay Area,Various,CA,
sensor_100,sensor_100,,,Bay Area Highway,Unknown,mainline,4,Bay Area,Various,CA,
sensor_101,sensor_101,,,Bay Area Highway,Unknown,mainline,4,Bay Area,Various,CA,
sensor_102,sensor_102,,,Bay Area Highway,Unknown,mainline,4,Bay Area,Various,CA,
sensor_103,sensor_103,,,Bay Area Highway,Unknown,mainline,4,Bay Area,Various,CA,
sensor_104,sensor_104,,,Bay Area Highway,Unknown,mainline,4,Bay Area,Various,CA,
sensor_105,sensor_105,,,Bay Area Highway,Unknown,mainline,4,Bay Area,Various,CA,
sensor_106,sensor_106,,,Bay Area Highway,Unknown,mainline,4,Bay Area,Various,CA,
sensor_107,sensor_107,,,Bay Area Highway,Unknown,mainline,4,Bay Area,Various,CA,
sensor_108,sensor_108,,,Bay Area Highway,Unknown,mainline,4,Bay Area,Various,CA,
sensor_109,sensor_109,,,Bay Area Highway,Unknown,mainline,4,Bay Area,Various,CA,
sensor_110,sensor_110,,,Bay Area Highway,Unknown,mainline,4,Bay Area,Various,CA,
sensor_111,sensor_111,,,Bay Area Highway,Unknown,mainline,4,Bay Area,Various,CA,
sensor_112,sensor_112,,,Bay Area Highway,Unknown,mainline,4,Bay Area,Various,CA,
sensor_113,sensor_113,,,Bay Area Highway,Unknown,mainline,4,Bay Area,Various,CA,
sensor_114,sensor_114,,,Bay Area Highway,Unknown,mainline,4,Bay Area,Various,CA,
sensor_115,sensor_115,,,Bay Area Highway,Unknown,mainline,4,Bay Area,Various,CA,
sensor_116,sensor_116,,,Bay Area Highway,Unknown,mainline,4,Bay Area,Various,CA,
sensor_117,sensor_117,,,Bay Area Highway,Unknown,mainline,4,Bay Area,Various,CA,
sensor_118,sensor_118,,,Bay Area Highway,Unknown,mainline,4,Bay Area,Various,CA,
sensor_119,sensor_119,,,Bay Area Highway,Unknown,mainline,4,Bay Area,Various,CA,
sensor_120,sensor_120,,,Bay Area Highway,Unknown,mainline,4,Bay Area,Various,CA,
sensor_121,sensor_121,,,Bay Area Highway,Unknown,mainline,4,Bay Area,Various,CA,
sensor_122,sensor_122,,,Bay Area Highway,Unknown,mainline,4,Bay Area,Various,CA,
sensor_123,sensor_123,,,Bay Area Highway,Unknown,mainline,4,Bay Area,Various,CA,
sensor_124,sensor_124,,,Bay Area Highway,Unknown,mainline,4,Bay Area,Various,CA,
sensor_125,sensor_125,,,Bay Area Highway,Unknown,mainline,4,Bay Area,Various,CA,
sensor_126,sensor_126,,,Bay Area Highway,Unknown,mainline,4,Bay Area,Various,CA,
sensor_127,sensor_127,,,Bay Area Highway,Unknown,mainline,4,Bay Area,Various,CA,
sensor_128,sensor_128,,,Bay Area Highway,Unknown,mainline,4,Bay Area,Various,CA,
sensor_129,sensor_129,,,Bay Area Highway,Unknown,mainline,4,Bay Area,Various,CA,
sensor_130,sensor_130,,,Bay Area Highway,Unknown,mainline,4,Bay Area,Various,CA,
sensor_131,sensor_131,,,Bay Area Highway,Unknown,mainline,4,Bay Area,Various,CA,
sensor_132,sensor_132,,,Bay Area Highway,Unknown,mainline,4,Bay Area,Various,CA,
sensor_133,sensor_133,,,Bay Area Highway,Unknown,mainline,4,Bay Area,Various,CA,
sensor_134,sensor_134,,,Bay Area Highway,Unknown,mainline,4,Bay Area,Various,CA,
sensor_135,sensor_135,,,Bay Area Highway,Unknown,mainline,4,Bay Area,Various,CA,
sensor_136,sensor_136,,,Bay Area Highway,Unknown,mainline,4,Bay Area,Various,CA,
sensor_137,sensor_137,,,Bay Area Highway,Unknown,mainline,4,Bay Area,Various,CA,
sensor_138,sensor_138,,,Bay Area Highway,Unknown,mainline,4,Bay Area,Various,CA,
sensor_139,sensor_139,,,Bay Area Highway,Unknown,mainline,4,Bay Area,Various,CA,
sensor_140,sensor_140,,,Bay Area Highway,Unknown,mainline,4,Bay Area,Various,CA,
sensor_141,sensor_141,,,Bay Area Highway,Unknown,mainline,4,Bay Area,Various,CA,
sensor_142,sensor_142,,,Bay Area Highway,Unknown,mainline,4,Bay Area,Various,CA,
sensor_143,sensor_143,,,Bay Area Highway,Unknown,mainline,4,Bay Area,Various,CA,
sensor_144,sensor_144,,,Bay Area Highway,Unknown,mainline,4,Bay Area,Various,CA,
sensor_145,sensor_145,,,Bay Area Highway,Unknown,mainline,4,Bay Area,Various,CA,
sensor_146,sensor_146,,,Bay Area Highway,Unknown,mainline,4,Bay Area,Various,CA,
sensor_147,sensor_147,,,Bay Area Highway,Unknown,mainline,4,Bay Area,Various,CA,
sensor_148,sensor_148,,,Bay Area Highway,Unknown,mainline,4,Bay Area,Various,CA,
sensor_149,sensor_149,,,Bay Area Highway,Unknown,mainline,4,Bay Area,Various,CA,
sensor_150,sensor_150,,,Bay Area Highway,Unknown,mainline,4,Bay Area,Various,CA,
sensor_151,sensor_151,,,Bay Area Highway,Unknown,mainline,4,Bay Area,Various,CA,
sensor_152,sensor_152,,,Bay Area Highway,Unknown,mainline,4,Bay Area,Various,CA,
sensor_153,sensor_153,,,Bay Area Highway,Unknown,mainline,4,Bay Area,Various,CA,
sensor_154,sensor_154,,,Bay Area Highway,Unknown,mainline,4,Bay Area,Various,CA,
sensor_155,sensor_155,,,Bay Area Highway,Unknown,mainline,4,Bay Area,Various,CA,
sensor_156,sensor_156,,,Bay Area Highway,Unknown,mainline,4,Bay Area,Various,CA,
sensor_157,sensor_157,,,Bay Area Highway,Unknown,mainline,4,Bay Area,Various,CA,
sensor_158,sensor_158,,,Bay Area Highway,Unknown,mainline,4,Bay Area,Various,CA,
sensor_159,sensor_159,,,Bay Area Highway,Unknown,mainline,4,Bay Area,Various,CA,
sensor_160,sensor_160,,,Bay Area Highway,Unknown,mainline,4,Bay Area,Various,CA,
sensor_161,sensor_161,,,Bay Area Highway,Unknown,mainline,4,Bay Area,Various,CA,
sensor_162,sensor_162,,,Bay Area Highway,Unknown,mainline,4,Bay Area,Various,CA,
sensor_163,sensor_163,,,Bay Area Highway,Unknown,mainline,4,Bay Area,Various,CA,
sensor_164,sensor_164,,,Bay Area Highway,Unknown,mainline,4,Bay Area,Various,CA,
sensor_165,sensor_165,,,Bay Area Highway,Unknown,mainline,4,Bay Area,Various,CA,
sensor_166,sensor_166,,,Bay Area Highway,Unknown,mainline,4,Bay Area,Various,CA,
sensor_167,sensor_167,,,Bay Area Highway,Unknown,mainline,4,Bay Area,Various,CA,
sensor_168,sensor_168,,,Bay Area Highway,Unknown,mainline,4,Bay Area,Various,CA,
sensor_169,sensor_169,,,Bay Area Highway,Unknown,mainline,4,Bay Area,Various,CA,
sensor_170,sensor_170,,,Bay Area Highway,Unknown,mainline,4,Bay Area,Various,CA,
sensor_171,sensor_171,,,Bay Area Highway,Unknown,mainline,4,Bay Area,Various,CA,
sensor_172,sensor_172,,,Bay Area Highway,Unknown,mainline,4,Bay Area,Various,CA,
sensor_173,sensor_173,,,Bay Area Highway,Unknown,mainline,4,Bay Area,Various,CA,
sensor_174,sensor_174,,,Bay Area Highway,Unknown,mainline,4,Bay Area,Various,CA,
sensor_175,sensor_175,,,Bay Area Highway,Unknown,mainline,4,Bay Area,Various,CA,
sensor_176,sensor_176,,,Bay Area Highway,Unknown,mainline,4,Bay Area,Various,CA,
sensor_177,sensor_177,,,Bay Area Highway,Unknown,mainline,4,Bay Area,Various,CA,
sensor_178,sensor_178,,,Bay Area Highway,Unknown,mainline,4,Bay Area,Various,CA,
sensor_179,sensor_179,,,Bay Area Highway,Unknown,mainline,4,Bay Area,Various,CA,
sensor_180,sensor_180,,,Bay Area Highway,Unknown,mainline,4,Bay Area,Various,CA,
sensor_181,sensor_181,,,Bay Area Highway,Unknown,mainline,4,Bay Area,Various,CA,
sensor_182,sensor_182,,,Bay Area Highway,Unknown,mainline,4,Bay Area,Various,CA,
sensor_183,sensor_183,,,Bay Area Highway,Unknown,mainline,4,Bay Area,Various,CA,
sensor_184,sensor_184,,,Bay Area Highway,Unknown,mainline,4,Bay Area,Various,CA,
sensor_185,sensor_185,,,Bay Area Highway,Unknown,mainline,4,Bay Area,Various,CA,
sensor_186,sensor_186,,,Bay Area Highway,Unknown,mainline,4,Bay Area,Various,CA,
sensor_187,sensor_187,,,Bay Area Highway,Unknown,mainline,4,Bay Area,Various,CA,
sensor_188,sensor_188,,,Bay Area Highway,Unknown,mainline,4,Bay Area,Various,CA,
sensor_189,sensor_189,,,Bay Area Highway,Unknown,mainline,4,Bay Area,Various,CA,
sensor_190,sensor_190,,,Bay Area Highway,Unknown,mainline,4,Bay Area,Various,CA,
sensor_191,sensor_191,,,Bay Area Highway,Unknown,mainline,4,Bay Area,Various,CA,
sensor_192,sensor_192,,,Bay Area Highway,Unknown,mainline,4,Bay Area,Various,CA,
sensor_193,sensor_193,,,Bay Area Highway,Unknown,mainline,4,Bay Area,Various,CA,
sensor_194,sensor_194,,,Bay Area Highway,Unknown,mainline,4,Bay Area,Various,CA,
sensor_195,sensor_195,,,Bay Area Highway,Unknown,mainline,4,Bay Area,Various,CA,
sensor_196,sensor_196,,,Bay Area Highway,Unknown,mainline,4,Bay Area,Various,CA,
sensor_197,sensor_197,,,Bay Area Highway,Unknown,mainline,4,Bay Area,Various,CA,
sensor_198,sensor_198,,,Bay Area Highway,Unknown,mainline,4,Bay Area,Various,CA,
sensor_199,sensor_199,,,Bay Area Highway,Unknown,mainline,4,Bay Area,Various,CA,
sensor_200,sensor_200,,,Bay Area Highway,Unknown,mainline,4,Bay Area,Various,CA,
sensor_201,sensor_201,,,Bay Area Highway,Unknown,mainline,4,Bay Area,Various,CA,
sensor_202,sensor_202,,,Bay Area Highway,Unknown,mainline,4,Bay Area,Various,CA,
sensor_203,sensor_203,,,Bay Area Highway,Unknown,mainline,4,Bay Area,Various,CA,
sensor_204,sensor_204,,,Bay Area Highway,Unknown,mainline,4,Bay Area,Various,CA,
sensor_205,sensor_205,,,Bay Area Highway,Unknown,mainline,4,Bay Area,Various,CA,
sensor_206,sensor_206,,,Bay Area Highway,Unknown,mainline,4,Bay Area,Various,CA,
sensor_207,sensor_207,,,Bay Area Highway,Unknown,mainline,4,Bay Area,Various,CA,
sensor_208,sensor_208,,,Bay Area Highway,Unknown,mainline,4,Bay Area,Various,CA,
sensor_209,sensor_209,,,Bay Area Highway,Unknown,mainline,4,Bay Area,Various,CA,
sensor_210,sensor_210,,,Bay Area Highway,Unknown,mainline,4,Bay Area,Various,CA,
sensor_211,sensor_211,,,Bay Area Highway,Unknown,mainline,4,Bay Area,Various,CA,
sensor_212,sensor_212,,,Bay Area Highway,Unknown,mainline,4,Bay Area,Various,CA,
sensor_213,sensor_213,,,Bay Area Highway,Unknown,mainline,4,Bay Area,Various,CA,
sensor_214,sensor_214,,,Bay Area Highway,Unknown,mainline,4,Bay Area,Various,CA,
sensor_215,sensor_215,,,Bay Area Highway,Unknown,mainline,4,Bay Area,Various,CA,
sensor_216,sensor_216,,,Bay Area Highway,Unknown,mainline,4,Bay Area,Various,CA,
sensor_217,sensor_217,,,Bay Area Highway,Unknown,mainline,4,Bay Area,Various,CA,
sensor_218,sensor_218,,,Bay Area Highway,Unknown,mainline,4,Bay Area,Various,CA,
sensor_219,sensor_219,,,Bay Area Highway,Unknown,mainline,4,Bay Area,Various,CA,
sensor_220,sensor_220,,,Bay Area Highway,Unknown,mainline,4,Bay Area,Various,CA,
sensor_221,sensor_221,,,Bay Area Highway,Unknown,mainline,4,Bay Area,Various,CA,
sensor_222,sensor_222,,,Bay Area Highway,Unknown,mainline,4,Bay Area,Various,CA,
sensor_223,sensor_223,,,Bay Area Highway,Unknown,mainline,4,Bay Area,Various,CA,
sensor_224,sensor_224,,,Bay Area Highway,Unknown,mainline,4,Bay Area,Various,CA,
sensor_225,sensor_225,,,Bay Area Highway,Unknown,mainline,4,Bay Area,Various,CA,
sensor_226,sensor_226,,,Bay Area Highway,Unknown,mainline,4,Bay Area,Various,CA,
sensor_227,sensor_227,,,Bay Area Highway,Unknown,mainline,4,Bay Area,Various,CA,
sensor_228,sensor_228,,,Bay Area Highway,Unknown,mainline,4,Bay Area,Various,CA,
sensor_229,sensor_229,,,Bay Area Highway,Unknown,mainline,4,Bay Area,Various,CA,
sensor_230,sensor_230,,,Bay Area Highway,Unknown,mainline,4,Bay Area,Various,CA,
sensor_231,sensor_231,,,Bay Area Highway,Unknown,mainline,4,Bay Area,Various,CA,
sensor_232,sensor_232,,,Bay Area Highway,Unknown,mainline,4,Bay Area,Various,CA,
sensor_233,sensor_233,,,Bay Area Highway,Unknown,mainline,4,Bay Area,Various,CA,
sensor_234,sensor_234,,,Bay Area Highway,Unknown,mainline,4,Bay Area,Various,CA,
sensor_235,sensor_235,,,Bay Area Highway,Unknown,mainline,4,Bay Area,Various,CA,
sensor_236,sensor_236,,,Bay Area Highway,Unknown,mainline,4,Bay Area,Various,CA,
sensor_237,sensor_237,,,Bay Area Highway,Unknown,mainline,4,Bay Area,Various,CA,
sensor_238,sensor_238,,,Bay Area Highway,Unknown,mainline,4,Bay Area,Various,CA,
sensor_239,sensor_239,,,Bay Area Highway,Unknown,mainline,4,Bay Area,Various,CA,
sensor_240,sensor_240,,,Bay Area Highway,Unknown,mainline,4,Bay Area,Various,CA,
sensor_241,sensor_241,,,Bay Area Highway,Unknown,mainline,4,Bay Area,Various,CA,
sensor_242,sensor_242,,,Bay Area Highway,Unknown,mainline,4,Bay Area,Various,CA,
sensor_243,sensor_243,,,Bay Area Highway,Unknown,mainline,4,Bay Area,Various,CA,
sensor_244,sensor_244,,,Bay Area Highway,Unknown,mainline,4,Bay Area,Various,CA,
sensor_245,sensor_245,,,Bay Area Highway,Unknown,mainline,4,Bay Area,Various,CA,
sensor_246,sensor_246,,,Bay Area Highway,Unknown,mainline,4,Bay Area,Various,CA,
sensor_247,sensor_247,,,Bay Area Highway,Unknown,mainline,4,Bay Area,Various,CA,
sensor_248,sensor_248,,,Bay Area Highway,Unknown,mainline,4,Bay Area,Various,CA,
sensor_249,sensor_249,,,Bay Area Highway,Unknown,mainline,4,Bay Area,Various,CA,
sensor_250,sensor_250,,,Bay Area Highway,Unknown,mainline,4,Bay Area,Various,CA,
sensor_251,sensor_251,,,Bay Area Highway,Unknown,mainline,4,Bay Area,Various,CA,
sensor_252,sensor_252,,,Bay Area Highway,Unknown,mainline,4,Bay Area,Various,CA,
sensor_253,sensor_253,,,Bay Area Highway,Unknown,mainline,4,Bay Area,Various,CA,
sensor_254,sensor_254,,,Bay Area Highway,Unknown,mainline,4,Bay Area,Various,CA,
sensor_255,sensor_255,,,Bay Area Highway,Unknown,mainline,4,Bay Area,Various,CA,
sensor_256,sensor_256,,,Bay Area Highway,Unknown,mainline,4,Bay Area,Various,CA,
sensor_257,sensor_257,,,Bay Area Highway,Unknown,mainline,4,Bay Area,Various,CA,
sensor_258,sensor_258,,,Bay Area Highway,Unknown,mainline,4,Bay Area,Various,CA,
sensor_259,sensor_259,,,Bay Area Highway,Unknown,mainline,4,Bay Area,Various,CA,
sensor_260,sensor_260,,,Bay Area Highway,Unknown,mainline,4,Bay Area,Various,CA,
sensor_261,sensor_261,,,Bay Area Highway,Unknown,mainline,4,Bay Area,Various,CA,
sensor_262,sensor_262,,,Bay Area Highway,Unknown,mainline,4,Bay Area,Various,CA,
sensor_263,sensor_263,,,Bay Area Highway,Unknown,mainline,4,Bay Area,Various,CA,
sensor_264,sensor_264,,,Bay Area Highway,Unknown,mainline,4,Bay Area,Various,CA,
sensor_265,sensor_265,,,Bay Area Highway,Unknown,mainline,4,Bay Area,Various,CA,
sensor_266,sensor_266,,,Bay Area Highway,Unknown,mainline,4,Bay Area,Various,CA,
sensor_267,sensor_267,,,Bay Area Highway,Unknown,mainline,4,Bay Area,Various,CA,
sensor_268,sensor_268,,,Bay Area Highway,Unknown,mainline,4,Bay Area,Various,CA,
sensor_269,sensor_269,,,Bay Area Highway,Unknown,mainline,4,Bay Area,Various,CA,
sensor_270,sensor_270,,,Bay Area Highway,Unknown,mainline,4,Bay Area,Various,CA,
sensor_271,sensor_271,,,Bay Area Highway,Unknown,mainline,4,Bay Area,Various,CA,
sensor_272,sensor_272,,,Bay Area Highway,Unknown,mainline,4,Bay Area,Various,CA,
sensor_273,sensor_273,,,Bay Area Highway,Unknown,mainline,4,Bay Area,Various,CA,
sensor_274,sensor_274,,,Bay Area Highway,Unknown,mainline,4,Bay Area,Various,CA,
sensor_275,sensor_275,,,Bay Area Highway,Unknown,mainline,4,Bay Area,Various,CA,
sensor_276,sensor_276,,,Bay Area Highway,Unknown,mainline,4,Bay Area,Various,CA,
sensor_277,sensor_277,,,Bay Area Highway,Unknown,mainline,4,Bay Area,Various,CA,
sensor_278,sensor_278,,,Bay Area Highway,Unknown,mainline,4,Bay Area,Various,CA,
sensor_279,sensor_279,,,Bay Area Highway,Unknown,mainline,4,Bay Area,Various,CA,
sensor_280,sensor_280,,,Bay Area Highway,Unknown,mainline,4,Bay Area,Various,CA,
sensor_281,sensor_281,,,Bay Area Highway,Unknown,mainline,4,Bay Area,Various,CA,
sensor_282,sensor_282,,,Bay Area Highway,Unknown,mainline,4,Bay Area,Various,CA,
sensor_283,sensor_283,,,Bay Area Highway,Unknown,mainline,4,Bay Area,Various,CA,
sensor_284,sensor_284,,,Bay Area Highway,Unknown,mainline,4,Bay Area,Various,CA,
sensor_285,sensor_285,,,Bay Area Highway,Unknown,mainline,4,Bay Area,Various,CA,
sensor_286,sensor_286,,,Bay Area Highway,Unknown,mainline,4,Bay Area,Various,CA,
sensor_287,sensor_287,,,Bay Area Highway,Unknown,mainline,4,Bay Area,Various,CA,
sensor_288,sensor_288,,,Bay Area Highway,Unknown,mainline,4,Bay Area,Various,CA,
sensor_289,sensor_289,,,Bay Area Highway,Unknown,mainline,4,Bay Area,Various,CA,
sensor_290,sensor_290,,,Bay Area Highway,Unknown,mainline,4,Bay Area,Various,CA,
sensor_291,sensor_291,,,Bay Area Highway,Unknown,mainline,4,Bay Area,Various,CA,
sensor_292,sensor_292,,,Bay Area Highway,Unknown,mainline,4,Bay Area,Various,CA,
sensor_293,sensor_293,,,Bay Area Highway,Unknown,mainline,4,Bay Area,Various,CA,
sensor_294,sensor_294,,,Bay Area Highway,Unknown,mainline,4,Bay Area,Various,CA,
sensor_295,sensor_295,,,Bay Area Highway,Unknown,mainline,4,Bay Area,Various,CA,
sensor_296,sensor_296,,,Bay Area Highway,Unknown,mainline,4,Bay Area,Various,CA,
sensor_297,sensor_297,,,Bay Area Highway,Unknown,mainline,4,Bay Area,Various,CA,
sensor_298,sensor_298,,,Bay Area Highway,Unknown,mainline,4,Bay Area,Various,CA,
sensor_299,sensor_299,,,Bay Area Highway,Unknown,mainline,4,Bay Area,Various,CA,
sensor_300,sensor_300,,,Bay Area Highway,Unknown,mainline,4,Bay Area,Various,CA,
sensor_301,sensor_301,,,Bay Area Highway,Unknown,mainline,4,Bay Area,Various,CA,
sensor_302,sensor_302,,,Bay Area Highway,Unknown,mainline,4,Bay Area,Various,CA,
sensor_303,sensor_303,,,Bay Area Highway,Unknown,mainline,4,Bay Area,Various,CA,
sensor_304,sensor_304,,,Bay Area Highway,Unknown,mainline,4,Bay Area,Various,CA,
sensor_305,sensor_305,,,Bay Area Highway,Unknown,mainline,4,Bay Area,Various,CA,
sensor_306,sensor_306,,,Bay Area Highway,Unknown,mainline,4,Bay Area,Various,CA,
sensor_307,sensor_307,,,Bay Area Highway,Unknown,mainline,4,Bay Area,Various,CA,
sensor_308,sensor_308,,,Bay Area Highway,Unknown,mainline,4,Bay Area,Various,CA,
sensor_309,sensor_309,,,Bay Area Highway,Unknown,mainline,4,Bay Area,Various,CA,
sensor_310,sensor_310,,,Bay Area Highway,Unknown,mainline,4,Bay Area,Various,CA,
sensor_311,sensor_311,,,Bay Area Highway,Unknown,mainline,4,Bay Area,Various,CA,
sensor_312,sensor_312,,,Bay Area Highway,Unknown,mainline,4,Bay Area,Various,CA,
sensor_313,sensor_313,,,Bay Area Highway,Unknown,mainline,4,Bay Area,Various,CA,
sensor_314,sensor_314,,,Bay Area Highway,Unknown,mainline,4,Bay Area,Various,CA,
sensor_315,sensor_315,,,Bay Area Highway,Unknown,mainline,4,Bay Area,Various,CA,
sensor_316,sensor_316,,,Bay Area Highway,Unknown,mainline,4,Bay Area,Various,CA,
sensor_317,sensor_317,,,Bay Area Highway,Unknown,mainline,4,Bay Area,Various,CA,
sensor_318,sensor_318,,,Bay Area Highway,Unknown,mainline,4,Bay Area,Various,CA,
sensor_319,sensor_319,,,Bay Area Highway,Unknown,mainline,4,Bay Area,Various,CA,
sensor_320,sensor_320,,,Bay Area Highway,Unknown,mainline,4,Bay Area,Various,CA,
sensor_321,sensor_321,,,Bay Area Highway,Unknown,mainline,4,Bay Area,Various,CA,
sensor_322,sensor_322,,,Bay Area Highway,Unknown,mainline,4,Bay Area,Various,CA,
sensor_323,sensor_323,,,Bay Area Highway,Unknown,mainline,4,Bay Area,Various,CA,
sensor_324,sensor_324,,,Bay Area Highway,Unknown,mainline,4,Bay Area,Various,CA,
